Text;Sources of Information
ECMWF’s operational AI forecasting system can outperform physics-based models on several measures, including tropical cyclone tracks, while using roughly 1,000 times less energy to produce a forecast. #AI #Weather #ClimateTech;https://www.ecmwf.int/en/about/media-centre/news/2025/ecmwfs-ai-forecasts-become-operational
WHO says computer-aided detection software can automatically interpret chest X-rays for TB screening, helping expand case detection where specialist capacity is limited. #AI #GlobalHealth #Tuberculosis;https://www.who.int/publications/i/item/9789240110373/
European accessibility research highlights AI’s potential to adapt products and services to individual needs, supporting greater independence and participation for people with disabilities. #AI #Accessibility #Inclusion;https://accessible-eu-centre.ec.europa.eu/featured-research_en
Researchers used generative AI to design novel antibiotic candidates, with several synthesized compounds showing antibacterial activity against drug-resistant pathogens. #AI #Medicine #Antibiotics;https://pmc.ncbi.nlm.nih.gov/articles/PMC12790861/
UNESCO highlights AI tools that can support documentation, translation and revitalization of endangered and Indigenous languages when communities retain meaningful control over their data. #AI #Language #Culture;https://www.unesco.org/sites/default/files/medias/fichiers/2025/09/CULTAI_Report%20of%20the%20Independent%20Expert%20Group%20on%20Artificial%20Intelligence%20and%20Culture%20%28final%20online%20version%29%201.pdf
AI agents can help scientists classify complex material structures during experiments, accelerating research into better batteries, catalysts and other advanced materials. #AI #Science #Materials;https://www.energy.gov/science/bes/articles/artificial-intelligence-agents-argue-enhance-speed-materials-discovery
AI image-analysis systems can identify signs of plant disease quickly, supporting earlier treatment and potentially reducing crop losses and unnecessary resource use. #AI #Agriculture #FoodSecurity;https://agris.fao.org/search/en/providers/122356/records/6878e8f90868163a2f752756
NASA’s ExoMiner++ uses AI to sift through huge space datasets and flagged thousands of potential exoplanet candidates for researchers to investigate. #AI #Space #Discovery;https://science.nasa.gov/open-science/deep-learning-exoplanets-tess/
Researchers used deep reinforcement learning to adjust magnetic fields in real time and avoid disruptive instabilities in fusion plasma — a key challenge for future fusion energy. #AI #Fusion #CleanEnergy;https://www.energy.gov/science/fes/articles/ai-tackles-disruptive-tearing-instability-fusion-plasma
UN experts highlight AI tools that can analyze satellite imagery and strengthen early-warning systems, helping responders assess damage and target assistance faster. #AI #DisasterResponse #EarlyWarning;https://unpartnerships.un.org/news/2025/ai-early-warnings-experts-unite-calls-build
NIST warns that indirect prompt injection can cause AI agents to follow malicious instructions embedded in data they process, potentially triggering unintended and harmful actions. #AI #Cybersecurity #Agents;https://www.nist.gov/news-events/news/2025/01/technical-blog-strengthening-ai-agent-hijacking-evaluations
The FBI warns that criminals are altering photos and other media to create fake proof-of-life material for virtual kidnapping scams and ransom demands. #AI #Deepfakes #Scams;https://www.fbi.gov/investigate/cyber/alerts/2025/criminals-using-altered-proof-of-life-media-to-extort-victims-in-virtual-kidnapping-for-ransom-scams
The ILO warns that algorithmic management can intensify worker monitoring, shape task allocation and affect job quality when safeguards and worker protections are weak. #AI #Work #Surveillance;https://www.ilo.org/algorithmic-management-workplace
UNESCO’s work on AI bias warns that generative systems can reproduce gender stereotypes and enable technology-facilitated harms unless systems are actively tested and governed. #AI #Bias #Gender;https://www.unesco.org/ethics-ai/en/articles/tackling-gender-bias-and-harms-artificial-intelligence-ai?hub=181405
The FTC found that surveillance-pricing systems can use information such as location, browsing behavior and shopping history to help tailor prices or promotions to individual consumers. #AI #Privacy #Pricing;https://www.ftc.gov/news-events/news/press-releases/2025/01/ftc-surveillance-pricing-study-indicates-wide-range-personal-data-used-set-individualized-consumer
The IEA projects global data-centre electricity consumption to roughly double by 2030, with accelerated servers driven mainly by AI accounting for a major share of the increase. #AI #Energy #DataCenters;https://www.iea.org/reports/energy-and-ai/energy-demand-from-ai
The U.S. Copyright Office says unauthorized digital replicas pose serious threats to private citizens as realistic AI-generated images, video and audio become easier to create and distribute. #AI #Deepfakes #Identity;https://www.copyright.gov/AI/
UN human-rights experts warn that AI-driven facial recognition can enable large-scale tracking and profiling, raising concerns about privacy, discrimination and freedom of movement. #AI #Surveillance #HumanRights;https://searchlibrary.ohchr.org/record/35212/files/un-sr-ct-ai-position-paper-dec-2025.pdf
UNICEF warns that generative AI can produce convincing disinformation and synthetic media cheaply and at scale, including content personalized to influence individual users. #AI #Misinformation #Deepfakes;https://www.unicef.org/innocenti/generative-ai-risks-and-opportunities-children
UNESCO cautions that AI language technologies can favor widely represented languages, while smaller and endangered languages may receive weaker digital support. #AI #Language #DigitalDivide;https://www.unesco.org/en/legal-affairs/recommendation-ethics-artificial-intelligence?hub=1063