doc_id;datetime;text;media;alt_text;likes;reposts;replies;username;handle;user_description;user_image;user_followers;commented_post;sponsored;target;condition;sequence
1;27.09.26 09:00;ECMWF’s operational AI forecasting system can outperform physics-based models on several measures, including tropical cyclone tracks, while using roughly 1,000 times less energy to produce a forecast. #AI #Weather #ClimateTech;https://raw.githubusercontent.com/alexaa252/dice-ai-stimuli/main/P19.png;AI weather forecasts can be faster and more efficient;374;31;5;FutureAI;futureai;AI news, research and technology explained for a social media audience.;https://raw.githubusercontent.com/alexaa252/dice-ai-stimuli/main/futureai.png;27351;0;0;;A;21
2;27.09.26 10:00;WHO says computer-aided detection software can automatically interpret chest X-rays for TB screening, helping expand case detection where specialist capacity is limited. #AI #GlobalHealth #Tuberculosis;https://raw.githubusercontent.com/alexaa252/dice-ai-stimuli/main/P20.png;AI can help spot tuberculosis from chest X-rays;218;17;3;TechDecoded;techdecoded;AI news, research and technology explained for a social media audience.;https://raw.githubusercontent.com/alexaa252/dice-ai-stimuli/main/techdecoder.png;28082;0;0;;A;22
3;27.09.26 11:00;European accessibility research highlights AI’s potential to adapt products and services to individual needs, supporting greater independence and participation for people with disabilities. #AI #Accessibility #Inclusion;https://raw.githubusercontent.com/alexaa252/dice-ai-stimuli/main/P21.png;AI could make digital life more accessible;461;42;6;ScienceBrief;sciencebrief;AI news, research and technology explained for a social media audience.;https://raw.githubusercontent.com/alexaa252/dice-ai-stimuli/main/sciencebrief.png;28813;0;0;;A;23
4;27.09.26 12:00;Researchers used generative AI to design novel antibiotic candidates, with several synthesized compounds showing antibacterial activity against drug-resistant pathogens. #AI #Medicine #Antibiotics;https://raw.githubusercontent.com/alexaa252/dice-ai-stimuli/main/P22.png;AI is helping scientists design entirely new antibiotics;329;26;4;DigitalTomorrow;digitaltomorrow;AI news, research and technology explained for a social media audience.;https://raw.githubusercontent.com/alexaa252/dice-ai-stimuli/main/digitaltomorrow.png;29544;0;0;;A;24
5;27.09.26 13:00;UNESCO highlights AI tools that can support documentation, translation and revitalization of endangered and Indigenous languages when communities retain meaningful control over their data. #AI #Language #Culture;https://raw.githubusercontent.com/alexaa252/dice-ai-stimuli/main/P23.png;AI could help preserve endangered languages;407;35;5;FutureAI;futureai;AI news, research and technology explained for a social media audience.;https://raw.githubusercontent.com/alexaa252/dice-ai-stimuli/main/futureai.png;30275;0;0;;A;25
6;27.09.26 14:00;AI agents can help scientists classify complex material structures during experiments, accelerating research into better batteries, catalysts and other advanced materials. #AI #Science #Materials;https://raw.githubusercontent.com/alexaa252/dice-ai-stimuli/main/P24.png;AI can speed the search for better materials;286;22;3;TechDecoded;techdecoded;AI news, research and technology explained for a social media audience.;https://raw.githubusercontent.com/alexaa252/dice-ai-stimuli/main/techdecoder.png;31006;0;0;;A;26
7;27.09.26 15:00;AI image-analysis systems can identify signs of plant disease quickly, supporting earlier treatment and potentially reducing crop losses and unnecessary resource use. #AI #Agriculture #FoodSecurity;https://raw.githubusercontent.com/alexaa252/dice-ai-stimuli/main/P25.png;AI could help farmers catch crop disease earlier;442;39;6;ScienceBrief;sciencebrief;AI news, research and technology explained for a social media audience.;https://raw.githubusercontent.com/alexaa252/dice-ai-stimuli/main/sciencebrief.png;31737;0;0;;A;27
8;27.09.26 16:00;NASA’s ExoMiner++ uses AI to sift through huge space datasets and flagged thousands of potential exoplanet candidates for researchers to investigate. #AI #Space #Discovery;https://raw.githubusercontent.com/alexaa252/dice-ai-stimuli/main/P26.png;AI is helping scientists hunt for hidden planets;391;33;4;DigitalTomorrow;digitaltomorrow;AI news, research and technology explained for a social media audience.;https://raw.githubusercontent.com/alexaa252/dice-ai-stimuli/main/digitaltomorrow.png;32468;0;0;;A;28
9;27.09.26 17:00;Researchers used deep reinforcement learning to adjust magnetic fields in real time and avoid disruptive instabilities in fusion plasma — a key challenge for future fusion energy. #AI #Fusion #CleanEnergy;https://raw.githubusercontent.com/alexaa252/dice-ai-stimuli/main/P27.png;AI can help keep fusion plasma stable;254;19;3;FutureAI;futureai;AI news, research and technology explained for a social media audience.;https://raw.githubusercontent.com/alexaa252/dice-ai-stimuli/main/futureai.png;33199;0;0;;A;29
10;27.09.26 18:00;UN experts highlight AI tools that can analyze satellite imagery and strengthen early-warning systems, helping responders assess damage and target assistance faster. #AI #DisasterResponse #EarlyWarning;https://raw.githubusercontent.com/alexaa252/dice-ai-stimuli/main/P28.png;AI could make disaster warnings faster and more accessible;478;44;7;TechDecoded;techdecoded;AI news, research and technology explained for a social media audience.;https://raw.githubusercontent.com/alexaa252/dice-ai-stimuli/main/techdecoder.png;33930;0;0;;A;30
11;27.09.26 09:00;NIST warns that indirect prompt injection can cause AI agents to follow malicious instructions embedded in data they process, potentially triggering unintended and harmful actions. #AI #Cybersecurity #Agents;https://raw.githubusercontent.com/alexaa252/dice-ai-stimuli/main/N19.png;AI agents can be hijacked by hidden instructions;341;29;6;FutureAI;futureai;AI news, research and technology explained for a social media audience.;https://raw.githubusercontent.com/alexaa252/dice-ai-stimuli/main/futureai.png;27351;0;0;;B;21
12;27.09.26 10:00;The FBI warns that criminals are altering photos and other media to create fake proof-of-life material for virtual kidnapping scams and ransom demands. #AI #Deepfakes #Scams;https://raw.githubusercontent.com/alexaa252/dice-ai-stimuli/main/N20.png;AI can make fake kidnappings look terrifyingly real;467;46;8;TechDecoded;techdecoded;AI news, research and technology explained for a social media audience.;https://raw.githubusercontent.com/alexaa252/dice-ai-stimuli/main/techdecoder.png;28082;0;0;;B;22
13;27.09.26 11:00;The ILO warns that algorithmic management can intensify worker monitoring, shape task allocation and affect job quality when safeguards and worker protections are weak. #AI #Work #Surveillance;https://raw.githubusercontent.com/alexaa252/dice-ai-stimuli/main/N21.png;Algorithms can turn the workplace into a surveillance system;297;24;5;ScienceBrief;sciencebrief;AI news, research and technology explained for a social media audience.;https://raw.githubusercontent.com/alexaa252/dice-ai-stimuli/main/sciencebrief.png;28813;0;0;;B;23
14;27.09.26 12:00;UNESCO’s work on AI bias warns that generative systems can reproduce gender stereotypes and enable technology-facilitated harms unless systems are actively tested and governed. #AI #Bias #Gender;https://raw.githubusercontent.com/alexaa252/dice-ai-stimuli/main/N22.png;Generative AI can reinforce harmful gender stereotypes;382;37;7;DigitalTomorrow;digitaltomorrow;AI news, research and technology explained for a social media audience.;https://raw.githubusercontent.com/alexaa252/dice-ai-stimuli/main/digitaltomorrow.png;29544;0;0;;B;24
15;27.09.26 13:00;The FTC found that surveillance-pricing systems can use information such as location, browsing behavior and shopping history to help tailor prices or promotions to individual consumers. #AI #Privacy #Pricing;https://raw.githubusercontent.com/alexaa252/dice-ai-stimuli/main/N23.png;Your personal data could shape the price you see;426;41;6;FutureAI;futureai;AI news, research and technology explained for a social media audience.;https://raw.githubusercontent.com/alexaa252/dice-ai-stimuli/main/futureai.png;30275;0;0;;B;25
16;27.09.26 14:00;The IEA projects global data-centre electricity consumption to roughly double by 2030, with accelerated servers driven mainly by AI accounting for a major share of the increase. #AI #Energy #DataCenters;https://raw.githubusercontent.com/alexaa252/dice-ai-stimuli/main/N24.png;AI’s electricity demand is growing at extraordinary speed;315;27;5;TechDecoded;techdecoded;AI news, research and technology explained for a social media audience.;https://raw.githubusercontent.com/alexaa252/dice-ai-stimuli/main/techdecoder.png;31006;0;0;;B;26
17;27.09.26 15:00;The U.S. Copyright Office says unauthorized digital replicas pose serious threats to private citizens as realistic AI-generated images, video and audio become easier to create and distribute. #AI #Deepfakes #Identity;https://raw.githubusercontent.com/alexaa252/dice-ai-stimuli/main/N25.png;AI deepfakes can steal a person’s face and voice;453;44;8;ScienceBrief;sciencebrief;AI news, research and technology explained for a social media audience.;https://raw.githubusercontent.com/alexaa252/dice-ai-stimuli/main/sciencebrief.png;31737;0;0;;B;27
18;27.09.26 16:00;UN human-rights experts warn that AI-driven facial recognition can enable large-scale tracking and profiling, raising concerns about privacy, discrimination and freedom of movement. #AI #Surveillance #HumanRights;https://raw.githubusercontent.com/alexaa252/dice-ai-stimuli/main/N26.png;AI surveillance can put privacy and equality at risk;369;32;6;DigitalTomorrow;digitaltomorrow;AI news, research and technology explained for a social media audience.;https://raw.githubusercontent.com/alexaa252/dice-ai-stimuli/main/digitaltomorrow.png;32468;0;0;;B;28
19;27.09.26 17:00;UNICEF warns that generative AI can produce convincing disinformation and synthetic media cheaply and at scale, including content personalized to influence individual users. #AI #Misinformation #Deepfakes;https://raw.githubusercontent.com/alexaa252/dice-ai-stimuli/main/N27.png;AI can generate persuasive misinformation at massive scale;488;49;9;FutureAI;futureai;AI news, research and technology explained for a social media audience.;https://raw.githubusercontent.com/alexaa252/dice-ai-stimuli/main/futureai.png;33199;0;0;;B;29
20;27.09.26 18:00;UNESCO cautions that AI language technologies can favor widely represented languages, while smaller and endangered languages may receive weaker digital support. #AI #Language #DigitalDivide;https://raw.githubusercontent.com/alexaa252/dice-ai-stimuli/main/N28.png;Smaller languages left behind by AI;276;21;4;TechDecoded;techdecoded;AI news, research and technology explained for a social media audience.;https://raw.githubusercontent.com/alexaa252/dice-ai-stimuli/main/techdecoder.png;33930;0;0;;B;30
21;27.09.26 09:00;ECMWF’s operational AI forecasting system can outperform physics-based models on several measures, including tropical cyclone tracks, while using roughly 1,000 times less energy to produce a forecast. #AI #Weather #ClimateTech;https://raw.githubusercontent.com/alexaa252/dice-ai-stimuli/main/P19.png;AI weather forecasts can be faster and more efficient;374;31;5;FutureAI;futureai;AI news, research and technology explained for a social media audience.;https://raw.githubusercontent.com/alexaa252/dice-ai-stimuli/main/futureai.png;27351;0;0;;C;21
22;27.09.26 09:00;NIST warns that indirect prompt injection can cause AI agents to follow malicious instructions embedded in data they process, potentially triggering unintended and harmful actions. #AI #Cybersecurity #Agents;https://raw.githubusercontent.com/alexaa252/dice-ai-stimuli/main/N19.png;AI agents can be hijacked by hidden instructions;341;29;6;FutureAI;futureai;AI news, research and technology explained for a social media audience.;https://raw.githubusercontent.com/alexaa252/dice-ai-stimuli/main/futureai.png;27351;0;0;;C;22
23;27.09.26 11:00;European accessibility research highlights AI’s potential to adapt products and services to individual needs, supporting greater independence and participation for people with disabilities. #AI #Accessibility #Inclusion;https://raw.githubusercontent.com/alexaa252/dice-ai-stimuli/main/P21.png;AI could make digital life more accessible;461;42;6;ScienceBrief;sciencebrief;AI news, research and technology explained for a social media audience.;https://raw.githubusercontent.com/alexaa252/dice-ai-stimuli/main/sciencebrief.png;28813;0;0;;C;23
24;27.09.26 11:00;The ILO warns that algorithmic management can intensify worker monitoring, shape task allocation and affect job quality when safeguards and worker protections are weak. #AI #Work #Surveillance;https://raw.githubusercontent.com/alexaa252/dice-ai-stimuli/main/N21.png;Algorithms can turn the workplace into a surveillance system;297;24;5;ScienceBrief;sciencebrief;AI news, research and technology explained for a social media audience.;https://raw.githubusercontent.com/alexaa252/dice-ai-stimuli/main/sciencebrief.png;28813;0;0;;C;24
25;27.09.26 13:00;UNESCO highlights AI tools that can support documentation, translation and revitalization of endangered and Indigenous languages when communities retain meaningful control over their data. #AI #Language #Culture;https://raw.githubusercontent.com/alexaa252/dice-ai-stimuli/main/P23.png;AI could help preserve endangered languages;407;35;5;FutureAI;futureai;AI news, research and technology explained for a social media audience.;https://raw.githubusercontent.com/alexaa252/dice-ai-stimuli/main/futureai.png;30275;0;0;;C;25
26;27.09.26 13:00;The FTC found that surveillance-pricing systems can use information such as location, browsing behavior and shopping history to help tailor prices or promotions to individual consumers. #AI #Privacy #Pricing;https://raw.githubusercontent.com/alexaa252/dice-ai-stimuli/main/N23.png;Your personal data could shape the price you see;426;41;6;FutureAI;futureai;AI news, research and technology explained for a social media audience.;https://raw.githubusercontent.com/alexaa252/dice-ai-stimuli/main/futureai.png;30275;0;0;;C;26
27;27.09.26 15:00;AI image-analysis systems can identify signs of plant disease quickly, supporting earlier treatment and potentially reducing crop losses and unnecessary resource use. #AI #Agriculture #FoodSecurity;https://raw.githubusercontent.com/alexaa252/dice-ai-stimuli/main/P25.png;AI could help farmers catch crop disease earlier;442;39;6;ScienceBrief;sciencebrief;AI news, research and technology explained for a social media audience.;https://raw.githubusercontent.com/alexaa252/dice-ai-stimuli/main/sciencebrief.png;31737;0;0;;C;27
28;27.09.26 15:00;The U.S. Copyright Office says unauthorized digital replicas pose serious threats to private citizens as realistic AI-generated images, video and audio become easier to create and distribute. #AI #Deepfakes #Identity;https://raw.githubusercontent.com/alexaa252/dice-ai-stimuli/main/N25.png;AI deepfakes can steal a person’s face and voice;453;44;8;ScienceBrief;sciencebrief;AI news, research and technology explained for a social media audience.;https://raw.githubusercontent.com/alexaa252/dice-ai-stimuli/main/sciencebrief.png;31737;0;0;;C;28
29;27.09.26 17:00;Researchers used deep reinforcement learning to adjust magnetic fields in real time and avoid disruptive instabilities in fusion plasma — a key challenge for future fusion energy. #AI #Fusion #CleanEnergy;https://raw.githubusercontent.com/alexaa252/dice-ai-stimuli/main/P27.png;AI can help keep fusion plasma stable;254;19;3;FutureAI;futureai;AI news, research and technology explained for a social media audience.;https://raw.githubusercontent.com/alexaa252/dice-ai-stimuli/main/futureai.png;33199;0;0;;C;29
30;27.09.26 17:00;UNICEF warns that generative AI can produce convincing disinformation and synthetic media cheaply and at scale, including content personalized to influence individual users. #AI #Misinformation #Deepfakes;https://raw.githubusercontent.com/alexaa252/dice-ai-stimuli/main/N27.png;AI can generate persuasive misinformation at massive scale;488;49;9;FutureAI;futureai;AI news, research and technology explained for a social media audience.;https://raw.githubusercontent.com/alexaa252/dice-ai-stimuli/main/futureai.png;33199;0;0;;C;30